{
	"id": "R04",
  "quagga": ["zebra", "ospfd"],
	"interfaces": [
		{
			"ifname": "eth0",
			"bridge": "br03",
			"ipAddress": "10.0.3.4/24"
		},
		{
			"ifname": "eth1",
			"bridge": "br07",
			"ipAddress": "10.0.7.4/24"
		},
		{
			"ifname": "eth2",
			"bridge": "br19",
			"ipAddress": "10.0.19.4/24"
		}
	],
	"ospf": {
			"advertises" : [
							{"network":"10.0.3.0/24", "area":"0.0.0.0"},
							{"network":"10.0.7.0/24", "area":"0.0.0.0"},
							{"network":"10.0.19.0/24", "area":"0.0.0.0"}
			]
	}
}
