{
	"id": "R10",
  "quagga": ["zebra", "ospfd"],
	"interfaces": [
		{
			"ifname": "eth0",
			"bridge": "br12",
			"ipAddress": "10.0.12.10/24"
		},
		{
			"ifname": "eth1",
			"bridge": "br15",
			"ipAddress": "10.0.15.10/24"
		},
		{
			"ifname": "eth2",
			"bridge": "br16",
			"ipAddress": "10.0.16.10/24"
		}
	],
	"ospf": {
			"advertises" : [
							{"network":"10.0.12.0/24", "area":"0.0.0.0"},
							{"network":"10.0.15.0/24", "area":"0.0.0.0"},
							{"network":"10.0.16.0/24", "area":"0.0.0.0"}
			]
	}
}
